,time_of_day,month_of_year,latitude,longitude
0,night,11,45.54684169873622,-73.79447504073114
1,night,1,45.426841698736204,-73.79447504073114
2,day,9,45.44684169873621,-73.5144750407312
3,evening,1,45.58684169873623,-73.63447504073117
4,night,3,45.50684169873622,-73.73447504073116
5,day,3,45.426841698736204,-73.85447504073113
6,evening,2,45.566841698736226,-73.87447504073113
7,day,7,45.44684169873621,-73.83447504073114
8,night,5,45.58684169873623,-73.5344750407312
9,evening,1,45.64684169873624,-73.65447504073117
10,evening,7,45.486841698736214,-73.63447504073117
11,evening,2,45.46684169873621,-73.73447504073116
12,night,8,45.44684169873621,-73.73447504073116
13,day,4,45.64684169873624,-73.4944750407312
14,evening,5,45.566841698736226,-73.91447504073112
15,day,12,45.66684169873624,-73.83447504073114
16,night,11,45.58684169873623,-73.91447504073112
17,day,8,45.486841698736214,-73.87447504073113
18,evening,1,45.64684169873624,-73.85447504073113
19,evening,11,45.426841698736204,-73.85447504073113
20,day,1,45.566841698736226,-73.69447504073116
21,day,7,45.66684169873624,-73.4944750407312
22,evening,1,45.44684169873621,-73.5144750407312
23,night,4,45.58684169873623,-73.77447504073115
24,day,9,45.486841698736214,-73.57447504073119
25,night,5,45.52684169873622,-73.4944750407312
26,evening,5,45.566841698736226,-73.91447504073112
27,evening,9,45.60684169873623,-73.91447504073112
28,night,10,45.486841698736214,-73.67447504073117
29,evening,5,45.44684169873621,-73.79447504073114
30,evening,4,45.486841698736214,-73.67447504073117
31,night,6,45.66684169873624,-73.83447504073114
32,evening,4,45.426841698736204,-73.63447504073117
33,night,4,45.44684169873621,-73.81447504073114
34,night,8,45.566841698736226,-73.75447504073115
35,evening,6,45.566841698736226,-73.77447504073115
36,day,8,45.52684169873622,-73.55447504073119
37,evening,9,45.626841698736236,-73.71447504073116
38,night,5,45.46684169873621,-73.55447504073119
39,day,4,45.58684169873623,-73.91447504073112
40,evening,6,45.46684169873621,-73.61447504073118
41,evening,11,45.44684169873621,-73.69447504073116
42,evening,11,45.54684169873622,-73.61447504073118
43,evening,11,45.64684169873624,-73.89447504073112
44,day,12,45.44684169873621,-73.5144750407312
45,evening,3,45.54684169873622,-73.55447504073119
46,evening,9,45.426841698736204,-73.65447504073117
47,day,1,45.566841698736226,-73.91447504073112
48,evening,6,45.50684169873622,-73.87447504073113
49,night,10,45.52684169873622,-73.55447504073119
50,night,4,45.52684169873622,-73.4944750407312
51,day,5,45.686841698736245,-73.4944750407312
52,night,8,45.46684169873621,-73.67447504073117
53,night,8,45.44684169873621,-73.79447504073114
54,day,11,45.60684169873623,-73.5144750407312
55,night,5,45.44684169873621,-73.67447504073117
56,evening,8,45.426841698736204,-73.83447504073114
57,day,5,45.566841698736226,-73.57447504073119
58,evening,3,45.566841698736226,-73.5344750407312
59,day,2,45.686841698736245,-73.75447504073115
60,day,11,45.66684169873624,-73.59447504073118
61,day,4,45.64684169873624,-73.77447504073115
62,night,5,45.52684169873622,-73.83447504073114
63,evening,8,45.58684169873623,-73.81447504073114
64,night,3,45.44684169873621,-73.79447504073114
65,day,1,45.66684169873624,-73.5144750407312
66,day,7,45.64684169873624,-73.73447504073116
67,day,10,45.64684169873624,-73.87447504073113
68,evening,6,45.46684169873621,-73.89447504073112
69,evening,12,45.58684169873623,-73.89447504073112
70,evening,2,45.52684169873622,-73.63447504073117
71,night,11,45.50684169873622,-73.65447504073117
72,evening,7,45.426841698736204,-73.87447504073113
73,night,6,45.46684169873621,-73.55447504073119
74,day,11,45.566841698736226,-73.83447504073114
75,evening,1,45.626841698736236,-73.5144750407312
76,evening,4,45.64684169873624,-73.79447504073114
77,day,1,45.54684169873622,-73.71447504073116
78,evening,2,45.44684169873621,-73.5344750407312
79,day,5,45.426841698736204,-73.69447504073116
80,night,5,45.426841698736204,-73.83447504073114
81,evening,10,45.566841698736226,-73.83447504073114
82,day,1,45.60684169873623,-73.67447504073117
83,day,1,45.66684169873624,-73.77447504073115
84,night,12,45.44684169873621,-73.57447504073119
85,night,4,45.66684169873624,-73.57447504073119
86,day,2,45.426841698736204,-73.83447504073114
87,evening,1,45.54684169873622,-73.69447504073116
88,day,5,45.426841698736204,-73.57447504073119
89,day,4,45.626841698736236,-73.63447504073117
90,night,2,45.46684169873621,-73.77447504073115
91,evening,8,45.686841698736245,-73.91447504073112
92,evening,9,45.686841698736245,-73.5344750407312
93,day,12,45.686841698736245,-73.69447504073116
94,night,7,45.64684169873624,-73.87447504073113
95,night,7,45.64684169873624,-73.85447504073113
96,evening,5,45.426841698736204,-73.5344750407312
97,night,3,45.44684169873621,-73.5344750407312
98,evening,5,45.58684169873623,-73.67447504073117
99,evening,5,45.626841698736236,-73.73447504073116
100,day,1,45.426841698736204,-73.85447504073113
101,night,12,45.64684169873624,-73.67447504073117
102,night,7,45.52684169873622,-73.75447504073115
103,night,10,45.64684169873624,-73.67447504073117
104,evening,11,45.44684169873621,-73.61447504073118
105,evening,9,45.566841698736226,-73.5144750407312
106,night,7,45.486841698736214,-73.63447504073117
107,night,12,45.52684169873622,-73.79447504073114
108,evening,9,45.52684169873622,-73.87447504073113
109,evening,12,45.626841698736236,-73.65447504073117
110,evening,4,45.60684169873623,-73.89447504073112
111,day,2,45.486841698736214,-73.61447504073118
112,night,2,45.686841698736245,-73.57447504073119
113,day,9,45.66684169873624,-73.61447504073118
114,evening,5,45.58684169873623,-73.65447504073117
115,day,10,45.50684169873622,-73.65447504073117
116,evening,2,45.46684169873621,-73.5144750407312
117,day,11,45.566841698736226,-73.59447504073118
118,night,5,45.426841698736204,-73.69447504073116
119,day,5,45.52684169873622,-73.5344750407312
120,night,10,45.566841698736226,-73.67447504073117
121,day,5,45.626841698736236,-73.77447504073115
122,night,5,45.626841698736236,-73.59447504073118
123,night,7,45.486841698736214,-73.87447504073113
124,evening,8,45.626841698736236,-73.5344750407312
125,day,2,45.60684169873623,-73.5344750407312
126,evening,6,45.60684169873623,-73.75447504073115
127,evening,5,45.44684169873621,-73.5144750407312
128,evening,3,45.54684169873622,-73.79447504073114
129,day,10,45.426841698736204,-73.65447504073117
130,evening,8,45.686841698736245,-73.79447504073114
131,night,5,45.58684169873623,-73.87447504073113
132,day,6,45.60684169873623,-73.85447504073113
133,evening,4,45.426841698736204,-73.59447504073118
134,evening,11,45.626841698736236,-73.69447504073116
135,night,12,45.58684169873623,-73.91447504073112
136,night,10,45.50684169873622,-73.75447504073115
137,evening,12,45.64684169873624,-73.85447504073113
138,evening,12,45.58684169873623,-73.81447504073114
139,night,6,45.52684169873622,-73.5344750407312
140,evening,4,45.486841698736214,-73.81447504073114
141,evening,1,45.626841698736236,-73.57447504073119
142,night,1,45.64684169873624,-73.65447504073117
143,night,3,45.50684169873622,-73.91447504073112
144,day,6,45.426841698736204,-73.69447504073116
145,day,3,45.686841698736245,-73.69447504073116
146,day,6,45.686841698736245,-73.63447504073117
147,evening,1,45.60684169873623,-73.81447504073114
148,evening,11,45.626841698736236,-73.57447504073119
149,day,5,45.66684169873624,-73.55447504073119
150,day,8,45.64684169873624,-73.67447504073117
151,day,5,45.46684169873621,-73.57447504073119
152,day,12,45.50684169873622,-73.61447504073118
153,day,2,45.66684169873624,-73.91447504073112
154,evening,6,45.52684169873622,-73.87447504073113
155,day,4,45.64684169873624,-73.89447504073112
156,day,11,45.426841698736204,-73.61447504073118
157,evening,6,45.50684169873622,-73.87447504073113
158,day,3,45.626841698736236,-73.59447504073118
159,day,4,45.66684169873624,-73.57447504073119
160,evening,9,45.58684169873623,-73.4944750407312
161,evening,3,45.46684169873621,-73.87447504073113
162,evening,10,45.52684169873622,-73.85447504073113
163,day,11,45.486841698736214,-73.71447504073116
164,evening,4,45.66684169873624,-73.91447504073112
165,evening,10,45.64684169873624,-73.4944750407312
166,night,3,45.60684169873623,-73.67447504073117
167,evening,6,45.50684169873622,-73.75447504073115
168,night,11,45.46684169873621,-73.87447504073113
169,day,1,45.486841698736214,-73.81447504073114
170,day,1,45.60684169873623,-73.55447504073119
171,night,10,45.60684169873623,-73.77447504073115
172,night,3,45.54684169873622,-73.77447504073115
173,night,9,45.58684169873623,-73.5344750407312
174,evening,5,45.426841698736204,-73.63447504073117
175,evening,1,45.626841698736236,-73.73447504073116
176,evening,9,45.66684169873624,-73.67447504073117
177,day,7,45.60684169873623,-73.57447504073119
178,night,8,45.54684169873622,-73.73447504073116
179,day,5,45.626841698736236,-73.83447504073114
180,evening,8,45.54684169873622,-73.59447504073118
181,evening,3,45.486841698736214,-73.55447504073119
182,day,8,45.566841698736226,-73.59447504073118
183,day,9,45.54684169873622,-73.81447504073114
184,evening,6,45.626841698736236,-73.4944750407312
185,evening,7,45.58684169873623,-73.4944750407312
186,evening,8,45.46684169873621,-73.5144750407312
187,day,1,45.486841698736214,-73.67447504073117
188,day,2,45.686841698736245,-73.71447504073116
189,day,12,45.44684169873621,-73.81447504073114
190,day,7,45.44684169873621,-73.83447504073114
191,night,10,45.60684169873623,-73.69447504073116
192,night,8,45.52684169873622,-73.75447504073115
193,day,4,45.486841698736214,-73.89447504073112
194,evening,6,45.58684169873623,-73.85447504073113
195,night,10,45.50684169873622,-73.79447504073114
196,evening,9,45.52684169873622,-73.89447504073112
197,evening,3,45.52684169873622,-73.5344750407312
198,night,1,45.566841698736226,-73.75447504073115
199,night,12,45.60684169873623,-73.59447504073118
200,evening,5,45.426841698736204,-73.65447504073117
201,night,1,45.44684169873621,-73.83447504073114
202,day,11,45.44684169873621,-73.59447504073118
203,night,5,45.58684169873623,-73.65447504073117
204,night,11,45.46684169873621,-73.71447504073116
205,evening,6,45.426841698736204,-73.75447504073115
206,night,12,45.54684169873622,-73.83447504073114
207,day,1,45.486841698736214,-73.87447504073113
208,day,8,45.52684169873622,-73.67447504073117
209,evening,3,45.626841698736236,-73.77447504073115
210,day,5,45.44684169873621,-73.79447504073114
211,day,1,45.50684169873622,-73.57447504073119
212,night,2,45.64684169873624,-73.81447504073114
213,day,10,45.54684169873622,-73.69447504073116
214,day,11,45.626841698736236,-73.83447504073114
215,evening,7,45.52684169873622,-73.85447504073113
216,night,9,45.566841698736226,-73.73447504073116
217,day,9,45.566841698736226,-73.87447504073113
218,day,6,45.66684169873624,-73.71447504073116
219,night,12,45.626841698736236,-73.81447504073114
220,evening,2,45.486841698736214,-73.69447504073116
221,night,10,45.686841698736245,-73.65447504073117
222,day,8,45.54684169873622,-73.65447504073117
223,evening,8,45.46684169873621,-73.81447504073114
224,day,2,45.54684169873622,-73.57447504073119
225,day,1,45.64684169873624,-73.85447504073113
226,day,5,45.58684169873623,-73.87447504073113
227,evening,6,45.50684169873622,-73.63447504073117
228,evening,3,45.52684169873622,-73.5144750407312
229,night,8,45.46684169873621,-73.91447504073112
230,day,3,45.426841698736204,-73.75447504073115
231,evening,1,45.60684169873623,-73.65447504073117
232,evening,7,45.486841698736214,-73.83447504073114
233,day,7,45.66684169873624,-73.73447504073116
234,night,8,45.686841698736245,-73.73447504073116
235,night,10,45.686841698736245,-73.83447504073114
236,evening,1,45.58684169873623,-73.71447504073116
237,day,1,45.426841698736204,-73.4944750407312
238,evening,4,45.64684169873624,-73.5144750407312
239,day,2,45.50684169873622,-73.65447504073117
240,night,7,45.66684169873624,-73.5144750407312
241,evening,6,45.686841698736245,-73.65447504073117
242,night,5,45.46684169873621,-73.77447504073115
243,night,8,45.486841698736214,-73.67447504073117
244,evening,10,45.44684169873621,-73.87447504073113
245,night,12,45.46684169873621,-73.5144750407312
246,evening,9,45.486841698736214,-73.77447504073115
247,night,8,45.426841698736204,-73.85447504073113
248,night,1,45.426841698736204,-73.85447504073113
249,night,6,45.686841698736245,-73.5144750407312
250,evening,6,45.626841698736236,-73.69447504073116
251,day,5,45.426841698736204,-73.89447504073112
252,night,12,45.626841698736236,-73.5144750407312
253,night,3,45.44684169873621,-73.59447504073118
254,night,1,45.486841698736214,-73.91447504073112
255,day,4,45.566841698736226,-73.63447504073117
256,night,1,45.44684169873621,-73.4944750407312
257,evening,7,45.58684169873623,-73.57447504073119
258,evening,1,45.426841698736204,-73.83447504073114
259,evening,9,45.58684169873623,-73.75447504073115
260,evening,2,45.54684169873622,-73.83447504073114
261,evening,9,45.46684169873621,-73.5344750407312
262,evening,1,45.60684169873623,-73.69447504073116
263,evening,1,45.626841698736236,-73.55447504073119
264,day,8,45.44684169873621,-73.5144750407312
265,day,8,45.486841698736214,-73.4944750407312
266,night,12,45.44684169873621,-73.79447504073114
267,evening,1,45.46684169873621,-73.69447504073116
268,day,8,45.426841698736204,-73.71447504073116
269,evening,7,45.52684169873622,-73.61447504073118
270,night,11,45.54684169873622,-73.83447504073114
271,night,5,45.64684169873624,-73.65447504073117
272,day,9,45.686841698736245,-73.4944750407312
273,day,6,45.60684169873623,-73.85447504073113
274,night,5,45.52684169873622,-73.4944750407312
275,night,12,45.66684169873624,-73.65447504073117
276,night,11,45.50684169873622,-73.65447504073117
277,day,11,45.60684169873623,-73.4944750407312
278,evening,9,45.426841698736204,-73.85447504073113
279,day,7,45.58684169873623,-73.73447504073116
280,evening,12,45.686841698736245,-73.69447504073116
281,day,3,45.64684169873624,-73.73447504073116
282,day,10,45.44684169873621,-73.69447504073116
283,night,10,45.52684169873622,-73.73447504073116
284,evening,9,45.486841698736214,-73.63447504073117
285,day,9,45.626841698736236,-73.79447504073114
286,night,9,45.52684169873622,-73.83447504073114
287,evening,1,45.58684169873623,-73.75447504073115
288,night,3,45.54684169873622,-73.55447504073119
289,day,11,45.52684169873622,-73.65447504073117
290,night,8,45.426841698736204,-73.85447504073113
291,evening,7,45.566841698736226,-73.79447504073114
292,day,6,45.60684169873623,-73.77447504073115
293,day,8,45.58684169873623,-73.81447504073114
294,evening,11,45.60684169873623,-73.87447504073113
295,evening,11,45.486841698736214,-73.67447504073117
296,day,11,45.426841698736204,-73.85447504073113
297,day,8,45.52684169873622,-73.81447504073114
298,night,4,45.426841698736204,-73.89447504073112
299,day,10,45.44684169873621,-73.69447504073116
300,evening,12,45.566841698736226,-73.79447504073114
301,night,10,45.60684169873623,-73.67447504073117
302,night,10,45.50684169873622,-73.5144750407312
303,night,12,45.52684169873622,-73.89447504073112
304,day,10,45.44684169873621,-73.91447504073112
305,day,4,45.50684169873622,-73.65447504073117
306,night,1,45.54684169873622,-73.81447504073114
307,evening,4,45.50684169873622,-73.75447504073115
308,night,11,45.52684169873622,-73.61447504073118
309,evening,11,45.426841698736204,-73.71447504073116
310,night,10,45.686841698736245,-73.87447504073113
311,evening,7,45.54684169873622,-73.85447504073113
312,day,3,45.60684169873623,-73.77447504073115
313,day,9,45.566841698736226,-73.5344750407312
314,day,8,45.64684169873624,-73.79447504073114
315,night,1,45.60684169873623,-73.81447504073114
316,night,11,45.50684169873622,-73.5144750407312
317,night,6,45.54684169873622,-73.5344750407312
318,night,5,45.52684169873622,-73.4944750407312
319,day,12,45.66684169873624,-73.59447504073118
320,evening,12,45.64684169873624,-73.55447504073119
321,evening,11,45.58684169873623,-73.65447504073117
322,evening,3,45.66684169873624,-73.77447504073115
323,day,4,45.66684169873624,-73.4944750407312
324,day,1,45.64684169873624,-73.85447504073113
325,day,4,45.50684169873622,-73.71447504073116
326,evening,12,45.44684169873621,-73.89447504073112
327,day,12,45.52684169873622,-73.73447504073116
328,night,1,45.566841698736226,-73.69447504073116
329,night,1,45.66684169873624,-73.89447504073112
330,day,9,45.566841698736226,-73.4944750407312
331,evening,1,45.426841698736204,-73.69447504073116
332,evening,4,45.60684169873623,-73.71447504073116
333,night,5,45.46684169873621,-73.57447504073119
334,night,8,45.426841698736204,-73.87447504073113
335,day,6,45.54684169873622,-73.91447504073112
336,night,11,45.46684169873621,-73.5144750407312
337,evening,8,45.54684169873622,-73.69447504073116
338,evening,5,45.50684169873622,-73.65447504073117
339,evening,10,45.686841698736245,-73.91447504073112
340,evening,7,45.58684169873623,-73.89447504073112
341,night,8,45.46684169873621,-73.69447504073116
342,night,3,45.50684169873622,-73.83447504073114
343,evening,3,45.44684169873621,-73.4944750407312
344,day,5,45.58684169873623,-73.4944750407312
345,night,10,45.44684169873621,-73.73447504073116
346,evening,9,45.60684169873623,-73.79447504073114
347,night,6,45.66684169873624,-73.5144750407312
348,evening,4,45.64684169873624,-73.89447504073112
349,day,6,45.426841698736204,-73.67447504073117
350,evening,8,45.486841698736214,-73.61447504073118
351,evening,5,45.44684169873621,-73.79447504073114
352,day,12,45.686841698736245,-73.67447504073117
353,day,7,45.626841698736236,-73.89447504073112
354,night,7,45.60684169873623,-73.87447504073113
355,evening,7,45.64684169873624,-73.83447504073114
356,day,6,45.64684169873624,-73.91447504073112
357,evening,11,45.64684169873624,-73.57447504073119
358,day,7,45.64684169873624,-73.79447504073114
359,evening,11,45.626841698736236,-73.79447504073114
360,day,10,45.486841698736214,-73.89447504073112
361,night,2,45.66684169873624,-73.71447504073116
362,night,5,45.426841698736204,-73.67447504073117
363,day,2,45.50684169873622,-73.83447504073114
364,day,2,45.66684169873624,-73.75447504073115
365,day,4,45.58684169873623,-73.55447504073119
366,evening,4,45.426841698736204,-73.89447504073112
367,night,5,45.66684169873624,-73.77447504073115
368,evening,2,45.566841698736226,-73.4944750407312
369,night,2,45.58684169873623,-73.85447504073113
370,evening,5,45.486841698736214,-73.91447504073112
371,day,8,45.626841698736236,-73.55447504073119
372,day,7,45.50684169873622,-73.79447504073114
373,day,3,45.44684169873621,-73.81447504073114
374,day,6,45.44684169873621,-73.65447504073117
375,day,6,45.486841698736214,-73.69447504073116
376,day,6,45.426841698736204,-73.67447504073117
377,night,2,45.64684169873624,-73.57447504073119
378,night,10,45.64684169873624,-73.5344750407312
379,evening,2,45.54684169873622,-73.69447504073116
380,night,9,45.50684169873622,-73.5144750407312
381,evening,3,45.566841698736226,-73.87447504073113
382,day,5,45.486841698736214,-73.91447504073112
383,night,6,45.44684169873621,-73.83447504073114
384,night,8,45.486841698736214,-73.79447504073114
385,day,10,45.50684169873622,-73.63447504073117
386,night,5,45.46684169873621,-73.73447504073116
387,evening,3,45.426841698736204,-73.79447504073114
388,night,11,45.52684169873622,-73.87447504073113
389,evening,6,45.426841698736204,-73.61447504073118
390,day,5,45.46684169873621,-73.59447504073118
391,night,9,45.486841698736214,-73.5344750407312
392,evening,7,45.426841698736204,-73.5344750407312
393,evening,7,45.426841698736204,-73.65447504073117
394,night,7,45.566841698736226,-73.5144750407312
395,night,5,45.566841698736226,-73.67447504073117
396,day,9,45.50684169873622,-73.55447504073119
397,evening,8,45.58684169873623,-73.5144750407312
398,day,2,45.44684169873621,-73.61447504073118
399,day,7,45.426841698736204,-73.89447504073112
400,day,4,45.52684169873622,-73.65447504073117
401,night,1,45.54684169873622,-73.67447504073117
402,day,11,45.566841698736226,-73.75447504073115
403,evening,12,45.54684169873622,-73.65447504073117
404,day,7,45.64684169873624,-73.87447504073113
405,day,9,45.46684169873621,-73.89447504073112
406,night,9,45.66684169873624,-73.4944750407312
407,night,12,45.566841698736226,-73.91447504073112
408,evening,6,45.44684169873621,-73.4944750407312
409,day,5,45.426841698736204,-73.63447504073117
410,day,5,45.58684169873623,-73.55447504073119
411,day,11,45.566841698736226,-73.63447504073117
412,night,6,45.686841698736245,-73.57447504073119
413,evening,2,45.54684169873622,-73.55447504073119
414,night,4,45.566841698736226,-73.59447504073118
415,night,4,45.426841698736204,-73.71447504073116
416,day,10,45.486841698736214,-73.87447504073113
417,evening,4,45.50684169873622,-73.69447504073116
418,night,12,45.60684169873623,-73.87447504073113
419,night,12,45.426841698736204,-73.81447504073114
420,day,10,45.50684169873622,-73.5344750407312
421,evening,2,45.486841698736214,-73.55447504073119
422,day,6,45.60684169873623,-73.87447504073113
423,day,8,45.66684169873624,-73.91447504073112
424,day,3,45.54684169873622,-73.87447504073113
425,day,6,45.52684169873622,-73.89447504073112
426,night,5,45.486841698736214,-73.4944750407312
427,evening,5,45.52684169873622,-73.61447504073118
428,evening,4,45.46684169873621,-73.57447504073119
429,evening,8,45.626841698736236,-73.85447504073113
430,evening,2,45.426841698736204,-73.73447504073116
431,day,12,45.626841698736236,-73.91447504073112
432,night,3,45.686841698736245,-73.83447504073114
433,day,5,45.46684169873621,-73.79447504073114
434,evening,6,45.486841698736214,-73.65447504073117
435,night,4,45.50684169873622,-73.73447504073116
436,evening,12,45.64684169873624,-73.85447504073113
437,day,11,45.566841698736226,-73.4944750407312
438,day,7,45.46684169873621,-73.75447504073115
439,evening,6,45.66684169873624,-73.71447504073116
440,day,11,45.64684169873624,-73.75447504073115
441,day,9,45.626841698736236,-73.57447504073119
442,day,1,45.52684169873622,-73.77447504073115
443,day,3,45.54684169873622,-73.83447504073114
444,night,7,45.46684169873621,-73.75447504073115
445,night,6,45.66684169873624,-73.75447504073115
446,evening,2,45.44684169873621,-73.5144750407312
447,night,6,45.566841698736226,-73.5344750407312
448,evening,6,45.64684169873624,-73.69447504073116
449,day,9,45.52684169873622,-73.85447504073113
450,night,7,45.686841698736245,-73.57447504073119
451,evening,12,45.54684169873622,-73.83447504073114
452,night,3,45.52684169873622,-73.5144750407312
453,evening,11,45.60684169873623,-73.67447504073117
454,night,3,45.486841698736214,-73.89447504073112
455,day,2,45.486841698736214,-73.4944750407312
456,night,5,45.50684169873622,-73.67447504073117
457,day,11,45.66684169873624,-73.55447504073119
458,night,4,45.426841698736204,-73.77447504073115
459,night,3,45.50684169873622,-73.87447504073113
460,night,4,45.54684169873622,-73.85447504073113
461,evening,10,45.626841698736236,-73.4944750407312
462,evening,6,45.66684169873624,-73.63447504073117
463,evening,10,45.52684169873622,-73.57447504073119
464,evening,3,45.566841698736226,-73.89447504073112
465,evening,4,45.486841698736214,-73.83447504073114
466,night,9,45.486841698736214,-73.5144750407312
467,night,4,45.44684169873621,-73.91447504073112
468,night,12,45.64684169873624,-73.69447504073116
469,night,3,45.46684169873621,-73.89447504073112
470,day,1,45.46684169873621,-73.77447504073115
471,evening,1,45.46684169873621,-73.87447504073113
472,evening,7,45.686841698736245,-73.4944750407312
473,evening,5,45.686841698736245,-73.65447504073117
474,evening,9,45.66684169873624,-73.83447504073114
475,evening,11,45.486841698736214,-73.87447504073113
476,evening,5,45.54684169873622,-73.81447504073114
477,day,10,45.626841698736236,-73.71447504073116
478,day,2,45.60684169873623,-73.79447504073114
479,night,3,45.486841698736214,-73.71447504073116
480,day,1,45.686841698736245,-73.81447504073114
481,day,3,45.44684169873621,-73.69447504073116
482,day,1,45.686841698736245,-73.87447504073113
483,night,4,45.50684169873622,-73.4944750407312
484,night,1,45.426841698736204,-73.77447504073115
485,night,7,45.58684169873623,-73.57447504073119
486,night,10,45.686841698736245,-73.65447504073117
487,evening,10,45.46684169873621,-73.55447504073119
488,evening,9,45.52684169873622,-73.5344750407312
489,night,12,45.52684169873622,-73.5144750407312
490,night,7,45.52684169873622,-73.55447504073119
491,night,6,45.60684169873623,-73.4944750407312
492,night,2,45.64684169873624,-73.91447504073112
493,evening,2,45.566841698736226,-73.75447504073115
494,day,5,45.58684169873623,-73.85447504073113
495,evening,9,45.60684169873623,-73.81447504073114
496,night,6,45.58684169873623,-73.79447504073114
497,evening,10,45.50684169873622,-73.55447504073119
498,night,10,45.566841698736226,-73.5144750407312
499,day,3,45.486841698736214,-73.77447504073115
500,evening,8,45.54684169873622,-73.4944750407312
501,day,5,45.60684169873623,-73.67447504073117
502,day,10,45.626841698736236,-73.83447504073114
503,night,3,45.66684169873624,-73.63447504073117
504,night,5,45.686841698736245,-73.57447504073119
505,night,12,45.566841698736226,-73.91447504073112
506,night,4,45.44684169873621,-73.63447504073117
507,day,5,45.626841698736236,-73.75447504073115
508,day,6,45.426841698736204,-73.55447504073119
509,day,11,45.626841698736236,-73.71447504073116
510,evening,9,45.50684169873622,-73.75447504073115
511,night,1,45.566841698736226,-73.79447504073114
512,evening,6,45.58684169873623,-73.75447504073115
513,evening,8,45.626841698736236,-73.63447504073117
514,night,9,45.64684169873624,-73.91447504073112
515,evening,4,45.60684169873623,-73.5144750407312
516,evening,4,45.686841698736245,-73.75447504073115
517,day,10,45.50684169873622,-73.73447504073116
518,night,10,45.686841698736245,-73.57447504073119
519,evening,1,45.60684169873623,-73.55447504073119
520,day,12,45.52684169873622,-73.63447504073117
521,night,5,45.58684169873623,-73.89447504073112
522,day,7,45.66684169873624,-73.91447504073112
523,day,2,45.58684169873623,-73.61447504073118
524,night,3,45.686841698736245,-73.63447504073117
525,night,9,45.60684169873623,-73.69447504073116
526,day,3,45.486841698736214,-73.71447504073116
527,day,9,45.64684169873624,-73.57447504073119
528,day,1,45.486841698736214,-73.63447504073117
529,night,10,45.486841698736214,-73.67447504073117
530,evening,1,45.46684169873621,-73.57447504073119
531,night,9,45.64684169873624,-73.79447504073114
532,night,12,45.686841698736245,-73.67447504073117
533,evening,10,45.50684169873622,-73.63447504073117
534,night,4,45.64684169873624,-73.55447504073119
535,evening,1,45.50684169873622,-73.83447504073114
536,night,1,45.686841698736245,-73.59447504073118
537,day,7,45.566841698736226,-73.57447504073119
538,day,7,45.46684169873621,-73.73447504073116
539,night,1,45.46684169873621,-73.55447504073119
540,night,11,45.50684169873622,-73.75447504073115
541,evening,5,45.626841698736236,-73.91447504073112
542,night,12,45.54684169873622,-73.83447504073114
543,evening,10,45.46684169873621,-73.71447504073116
544,night,11,45.54684169873622,-73.5344750407312
545,evening,3,45.66684169873624,-73.79447504073114
546,evening,1,45.566841698736226,-73.79447504073114
547,day,4,45.50684169873622,-73.77447504073115
548,evening,1,45.44684169873621,-73.87447504073113
549,night,6,45.64684169873624,-73.85447504073113
550,day,8,45.52684169873622,-73.75447504073115
551,evening,4,45.52684169873622,-73.81447504073114
552,night,4,45.52684169873622,-73.59447504073118
553,night,4,45.52684169873622,-73.5144750407312
554,day,2,45.44684169873621,-73.89447504073112
555,day,7,45.686841698736245,-73.65447504073117
556,day,6,45.486841698736214,-73.83447504073114
557,day,4,45.54684169873622,-73.87447504073113
558,day,7,45.54684169873622,-73.71447504073116
559,night,8,45.44684169873621,-73.67447504073117
560,day,1,45.64684169873624,-73.69447504073116
561,night,12,45.60684169873623,-73.69447504073116
562,day,5,45.60684169873623,-73.63447504073117
563,evening,4,45.52684169873622,-73.83447504073114
564,day,3,45.54684169873622,-73.77447504073115
565,day,4,45.58684169873623,-73.5144750407312
566,day,3,45.626841698736236,-73.81447504073114
567,day,4,45.46684169873621,-73.57447504073119
568,night,12,45.686841698736245,-73.87447504073113
569,night,5,45.66684169873624,-73.79447504073114
570,night,11,45.626841698736236,-73.79447504073114
571,night,1,45.44684169873621,-73.5344750407312
572,evening,11,45.52684169873622,-73.91447504073112
573,evening,9,45.626841698736236,-73.73447504073116
574,night,8,45.486841698736214,-73.89447504073112
575,day,12,45.54684169873622,-73.77447504073115
576,night,3,45.60684169873623,-73.55447504073119
577,night,9,45.64684169873624,-73.63447504073117
578,evening,11,45.486841698736214,-73.5344750407312
579,evening,1,45.686841698736245,-73.89447504073112
580,night,5,45.64684169873624,-73.91447504073112
581,night,5,45.60684169873623,-73.89447504073112
582,night,10,45.60684169873623,-73.63447504073117
583,day,2,45.58684169873623,-73.71447504073116
584,evening,6,45.44684169873621,-73.73447504073116
585,day,2,45.60684169873623,-73.79447504073114
586,evening,1,45.52684169873622,-73.5144750407312
587,day,11,45.60684169873623,-73.79447504073114
588,night,1,45.626841698736236,-73.81447504073114
589,day,6,45.486841698736214,-73.65447504073117
590,night,8,45.60684169873623,-73.55447504073119
591,evening,7,45.50684169873622,-73.77447504073115
592,night,7,45.54684169873622,-73.71447504073116
593,evening,4,45.50684169873622,-73.67447504073117
594,day,4,45.50684169873622,-73.61447504073118
595,night,8,45.626841698736236,-73.4944750407312
596,evening,3,45.64684169873624,-73.63447504073117
597,evening,1,45.60684169873623,-73.55447504073119
598,day,7,45.486841698736214,-73.73447504073116
599,night,10,45.64684169873624,-73.87447504073113
600,evening,11,45.54684169873622,-73.79447504073114
601,night,4,45.486841698736214,-73.65447504073117
602,evening,12,45.52684169873622,-73.61447504073118
603,night,4,45.64684169873624,-73.67447504073117
604,day,12,45.66684169873624,-73.5344750407312
605,evening,10,45.46684169873621,-73.73447504073116
606,day,4,45.686841698736245,-73.4944750407312
607,day,10,45.566841698736226,-73.87447504073113
608,day,3,45.66684169873624,-73.79447504073114
609,night,8,45.52684169873622,-73.67447504073117
610,evening,12,45.66684169873624,-73.55447504073119
611,day,10,45.58684169873623,-73.83447504073114
612,evening,6,45.426841698736204,-73.83447504073114
613,night,6,45.46684169873621,-73.73447504073116
614,day,3,45.66684169873624,-73.55447504073119
615,night,11,45.626841698736236,-73.75447504073115
616,night,8,45.626841698736236,-73.73447504073116
617,night,12,45.566841698736226,-73.91447504073112
618,day,4,45.58684169873623,-73.63447504073117
619,night,9,45.626841698736236,-73.55447504073119
620,day,4,45.566841698736226,-73.91447504073112
621,evening,9,45.626841698736236,-73.4944750407312
622,evening,12,45.54684169873622,-73.89447504073112
623,night,10,45.58684169873623,-73.63447504073117
624,night,7,45.566841698736226,-73.57447504073119
625,night,6,45.46684169873621,-73.73447504073116
626,evening,1,45.50684169873622,-73.5344750407312
627,night,8,45.50684169873622,-73.73447504073116
628,night,4,45.66684169873624,-73.4944750407312
629,evening,6,45.50684169873622,-73.79447504073114
630,day,1,45.52684169873622,-73.73447504073116
631,day,8,45.486841698736214,-73.81447504073114
632,day,2,45.46684169873621,-73.5344750407312
633,night,10,45.52684169873622,-73.91447504073112
634,night,12,45.54684169873622,-73.4944750407312
635,day,11,45.44684169873621,-73.65447504073117
636,night,6,45.426841698736204,-73.71447504073116
637,evening,4,45.626841698736236,-73.63447504073117
638,night,7,45.486841698736214,-73.83447504073114
639,evening,9,45.486841698736214,-73.89447504073112
640,night,11,45.46684169873621,-73.61447504073118
641,day,1,45.64684169873624,-73.59447504073118
642,night,12,45.58684169873623,-73.73447504073116
643,night,6,45.50684169873622,-73.75447504073115
644,day,8,45.44684169873621,-73.85447504073113
645,day,8,45.486841698736214,-73.5344750407312
646,day,3,45.566841698736226,-73.61447504073118
647,evening,6,45.50684169873622,-73.4944750407312
648,evening,9,45.44684169873621,-73.75447504073115
649,night,11,45.44684169873621,-73.89447504073112
650,day,3,45.426841698736204,-73.61447504073118
651,evening,12,45.486841698736214,-73.4944750407312
652,day,8,45.426841698736204,-73.67447504073117
653,evening,10,45.66684169873624,-73.87447504073113
654,night,10,45.58684169873623,-73.5344750407312
655,night,4,45.46684169873621,-73.91447504073112
656,day,3,45.486841698736214,-73.67447504073117
657,day,10,45.50684169873622,-73.57447504073119
658,evening,2,45.686841698736245,-73.73447504073116
659,evening,6,45.58684169873623,-73.63447504073117
660,evening,11,45.60684169873623,-73.59447504073118
661,day,3,45.44684169873621,-73.73447504073116
662,evening,11,45.64684169873624,-73.81447504073114
663,evening,1,45.44684169873621,-73.75447504073115
664,day,3,45.626841698736236,-73.79447504073114
665,day,9,45.66684169873624,-73.73447504073116
666,day,12,45.54684169873622,-73.75447504073115
667,day,8,45.686841698736245,-73.5344750407312
668,day,9,45.566841698736226,-73.59447504073118
669,night,3,45.626841698736236,-73.79447504073114
670,day,1,45.58684169873623,-73.87447504073113
671,day,12,45.44684169873621,-73.87447504073113
672,evening,8,45.54684169873622,-73.4944750407312
673,day,11,45.66684169873624,-73.57447504073119
674,evening,7,45.566841698736226,-73.55447504073119
675,evening,10,45.686841698736245,-73.55447504073119
676,evening,8,45.686841698736245,-73.67447504073117
677,night,5,45.60684169873623,-73.71447504073116
678,day,7,45.46684169873621,-73.57447504073119
679,day,6,45.686841698736245,-73.67447504073117
680,evening,9,45.44684169873621,-73.85447504073113
681,night,10,45.64684169873624,-73.5144750407312
682,day,3,45.566841698736226,-73.57447504073119
683,night,4,45.626841698736236,-73.4944750407312
684,evening,4,45.626841698736236,-73.59447504073118
685,day,1,45.64684169873624,-73.85447504073113
686,night,1,45.44684169873621,-73.69447504073116
687,day,10,45.64684169873624,-73.65447504073117
688,day,6,45.58684169873623,-73.87447504073113
689,evening,5,45.686841698736245,-73.69447504073116
690,night,1,45.64684169873624,-73.83447504073114
691,evening,7,45.626841698736236,-73.59447504073118
692,day,9,45.626841698736236,-73.57447504073119
693,night,5,45.50684169873622,-73.67447504073117
694,day,11,45.64684169873624,-73.55447504073119
695,night,5,45.64684169873624,-73.67447504073117
696,day,11,45.64684169873624,-73.67447504073117
697,evening,5,45.686841698736245,-73.5144750407312
698,day,9,45.686841698736245,-73.4944750407312
699,night,12,45.50684169873622,-73.55447504073119
700,evening,6,45.486841698736214,-73.77447504073115
701,evening,3,45.50684169873622,-73.81447504073114
702,evening,9,45.64684169873624,-73.55447504073119
703,day,12,45.44684169873621,-73.87447504073113
704,evening,2,45.52684169873622,-73.61447504073118
705,evening,4,45.66684169873624,-73.5344750407312
706,night,6,45.58684169873623,-73.69447504073116
707,night,1,45.60684169873623,-73.75447504073115
708,evening,12,45.426841698736204,-73.5344750407312
709,day,12,45.626841698736236,-73.5344750407312
710,night,12,45.626841698736236,-73.57447504073119
711,night,8,45.58684169873623,-73.67447504073117
712,day,4,45.60684169873623,-73.83447504073114
713,day,12,45.44684169873621,-73.75447504073115
714,evening,1,45.66684169873624,-73.91447504073112
715,evening,9,45.60684169873623,-73.57447504073119
716,night,10,45.66684169873624,-73.77447504073115
717,night,10,45.54684169873622,-73.87447504073113
718,evening,1,45.52684169873622,-73.69447504073116
719,day,12,45.686841698736245,-73.69447504073116
720,evening,1,45.566841698736226,-73.5144750407312
721,evening,6,45.66684169873624,-73.65447504073117
722,day,2,45.426841698736204,-73.61447504073118
723,day,8,45.44684169873621,-73.77447504073115
724,night,9,45.54684169873622,-73.5144750407312
725,night,9,45.686841698736245,-73.73447504073116
726,evening,11,45.44684169873621,-73.87447504073113
727,evening,7,45.426841698736204,-73.89447504073112
728,evening,12,45.60684169873623,-73.63447504073117
729,night,5,45.566841698736226,-73.5344750407312
730,day,11,45.566841698736226,-73.71447504073116
731,day,11,45.566841698736226,-73.5144750407312
732,night,1,45.566841698736226,-73.65447504073117
733,night,12,45.66684169873624,-73.57447504073119
734,night,3,45.686841698736245,-73.83447504073114
735,evening,8,45.50684169873622,-73.73447504073116
736,evening,9,45.426841698736204,-73.5144750407312
737,evening,2,45.54684169873622,-73.63447504073117
738,day,8,45.64684169873624,-73.85447504073113
739,day,2,45.58684169873623,-73.71447504073116
740,day,8,45.44684169873621,-73.5144750407312
741,evening,1,45.64684169873624,-73.89447504073112
742,day,10,45.44684169873621,-73.5344750407312
743,evening,5,45.54684169873622,-73.57447504073119
744,day,6,45.66684169873624,-73.91447504073112
745,day,8,45.44684169873621,-73.77447504073115
746,night,2,45.566841698736226,-73.59447504073118
747,evening,1,45.54684169873622,-73.81447504073114
748,night,9,45.44684169873621,-73.5344750407312
749,day,8,45.44684169873621,-73.75447504073115
750,day,2,45.64684169873624,-73.4944750407312
751,day,9,45.58684169873623,-73.55447504073119
752,night,10,45.626841698736236,-73.71447504073116
753,evening,8,45.50684169873622,-73.85447504073113
754,day,12,45.50684169873622,-73.77447504073115
755,night,6,45.486841698736214,-73.69447504073116
756,day,3,45.426841698736204,-73.77447504073115
757,evening,11,45.626841698736236,-73.81447504073114
758,day,3,45.50684169873622,-73.81447504073114
759,day,7,45.566841698736226,-73.79447504073114
760,day,7,45.50684169873622,-73.69447504073116
761,day,8,45.60684169873623,-73.69447504073116
762,day,12,45.58684169873623,-73.5344750407312
763,day,11,45.66684169873624,-73.55447504073119
764,day,6,45.486841698736214,-73.85447504073113
765,day,10,45.52684169873622,-73.83447504073114
766,night,9,45.60684169873623,-73.85447504073113
767,evening,3,45.54684169873622,-73.65447504073117
768,day,4,45.566841698736226,-73.55447504073119
769,evening,11,45.52684169873622,-73.61447504073118
770,evening,4,45.46684169873621,-73.89447504073112
771,night,5,45.64684169873624,-73.87447504073113
772,day,11,45.66684169873624,-73.65447504073117
773,evening,6,45.60684169873623,-73.71447504073116
774,day,6,45.626841698736236,-73.75447504073115
775,day,4,45.66684169873624,-73.73447504073116
776,day,4,45.44684169873621,-73.67447504073117
777,day,6,45.58684169873623,-73.63447504073117
778,day,2,45.486841698736214,-73.87447504073113
779,evening,4,45.686841698736245,-73.63447504073117
780,day,9,45.50684169873622,-73.57447504073119
781,day,2,45.566841698736226,-73.79447504073114
782,evening,3,45.426841698736204,-73.4944750407312
783,day,7,45.52684169873622,-73.5144750407312
784,evening,12,45.50684169873622,-73.75447504073115
785,evening,8,45.44684169873621,-73.67447504073117
786,night,11,45.50684169873622,-73.79447504073114
787,day,4,45.46684169873621,-73.75447504073115
788,night,6,45.426841698736204,-73.67447504073117
789,night,4,45.52684169873622,-73.91447504073112
790,night,12,45.46684169873621,-73.5344750407312
791,night,9,45.50684169873622,-73.83447504073114
792,evening,6,45.426841698736204,-73.5144750407312
793,night,6,45.54684169873622,-73.65447504073117
794,day,5,45.486841698736214,-73.91447504073112
795,evening,6,45.44684169873621,-73.59447504073118
796,evening,11,45.66684169873624,-73.61447504073118
797,day,2,45.54684169873622,-73.77447504073115
798,night,6,45.486841698736214,-73.79447504073114
799,night,9,45.58684169873623,-73.5344750407312
800,day,1,45.566841698736226,-73.89447504073112
801,night,11,45.626841698736236,-73.83447504073114
802,day,2,45.626841698736236,-73.81447504073114
803,night,4,45.44684169873621,-73.71447504073116
804,night,12,45.426841698736204,-73.73447504073116
805,evening,6,45.50684169873622,-73.79447504073114
806,day,7,45.58684169873623,-73.4944750407312
807,evening,6,45.60684169873623,-73.69447504073116
808,evening,3,45.44684169873621,-73.73447504073116
809,evening,2,45.566841698736226,-73.85447504073113
810,evening,6,45.58684169873623,-73.79447504073114
811,day,11,45.626841698736236,-73.55447504073119
812,day,11,45.46684169873621,-73.4944750407312
813,day,5,45.58684169873623,-73.73447504073116
814,day,1,45.60684169873623,-73.77447504073115
815,day,3,45.54684169873622,-73.75447504073115
816,day,9,45.54684169873622,-73.71447504073116
817,night,8,45.426841698736204,-73.79447504073114
818,day,5,45.58684169873623,-73.5144750407312
819,day,11,45.46684169873621,-73.57447504073119
820,night,4,45.52684169873622,-73.75447504073115
821,day,8,45.486841698736214,-73.65447504073117
822,night,12,45.66684169873624,-73.77447504073115
823,evening,2,45.486841698736214,-73.55447504073119
824,night,3,45.486841698736214,-73.73447504073116
825,night,7,45.46684169873621,-73.91447504073112
826,evening,4,45.566841698736226,-73.87447504073113
827,evening,11,45.50684169873622,-73.61447504073118
828,night,2,45.54684169873622,-73.89447504073112
829,day,3,45.54684169873622,-73.63447504073117
830,evening,5,45.566841698736226,-73.5344750407312
831,night,3,45.686841698736245,-73.85447504073113
832,day,5,45.64684169873624,-73.67447504073117
833,night,4,45.64684169873624,-73.71447504073116
834,evening,3,45.60684169873623,-73.87447504073113
835,evening,8,45.46684169873621,-73.75447504073115
836,evening,10,45.44684169873621,-73.5344750407312
837,day,2,45.686841698736245,-73.67447504073117
838,day,11,45.566841698736226,-73.69447504073116
839,day,4,45.60684169873623,-73.81447504073114
840,night,3,45.566841698736226,-73.75447504073115
841,night,2,45.58684169873623,-73.71447504073116
842,evening,11,45.60684169873623,-73.73447504073116
843,evening,1,45.54684169873622,-73.85447504073113
844,evening,1,45.64684169873624,-73.75447504073115
845,night,9,45.566841698736226,-73.87447504073113
846,night,8,45.566841698736226,-73.79447504073114
847,evening,8,45.54684169873622,-73.55447504073119
848,evening,8,45.426841698736204,-73.69447504073116
849,day,12,45.64684169873624,-73.71447504073116
850,day,9,45.686841698736245,-73.71447504073116
851,night,8,45.66684169873624,-73.69447504073116
852,night,4,45.426841698736204,-73.63447504073117
853,day,4,45.426841698736204,-73.75447504073115
854,day,7,45.46684169873621,-73.87447504073113
855,evening,4,45.60684169873623,-73.59447504073118
856,evening,11,45.686841698736245,-73.77447504073115
857,day,6,45.64684169873624,-73.63447504073117
858,evening,3,45.52684169873622,-73.83447504073114
859,night,6,45.486841698736214,-73.61447504073118
860,night,12,45.686841698736245,-73.65447504073117
861,night,1,45.46684169873621,-73.61447504073118
862,day,12,45.46684169873621,-73.59447504073118
863,day,12,45.58684169873623,-73.69447504073116
864,night,6,45.58684169873623,-73.81447504073114
865,night,3,45.52684169873622,-73.73447504073116
866,night,12,45.626841698736236,-73.5344750407312
867,day,10,45.52684169873622,-73.91447504073112
868,evening,2,45.626841698736236,-73.55447504073119
869,evening,5,45.486841698736214,-73.69447504073116
870,day,4,45.46684169873621,-73.59447504073118
871,evening,8,45.54684169873622,-73.87447504073113
872,night,4,45.60684169873623,-73.67447504073117
873,day,3,45.486841698736214,-73.5144750407312
874,night,3,45.566841698736226,-73.65447504073117
875,day,10,45.50684169873622,-73.73447504073116
876,day,12,45.44684169873621,-73.55447504073119
877,day,7,45.64684169873624,-73.57447504073119
878,day,12,45.44684169873621,-73.81447504073114
879,day,9,45.66684169873624,-73.81447504073114
880,day,2,45.426841698736204,-73.4944750407312
881,night,8,45.566841698736226,-73.61447504073118
882,evening,6,45.566841698736226,-73.79447504073114
883,night,12,45.46684169873621,-73.73447504073116
884,day,7,45.54684169873622,-73.5144750407312
885,evening,7,45.626841698736236,-73.61447504073118
886,evening,1,45.686841698736245,-73.87447504073113
887,evening,7,45.60684169873623,-73.79447504073114
888,night,1,45.60684169873623,-73.57447504073119
889,night,1,45.686841698736245,-73.77447504073115
890,day,1,45.64684169873624,-73.85447504073113
891,night,12,45.58684169873623,-73.67447504073117
892,night,9,45.486841698736214,-73.55447504073119
893,evening,11,45.58684169873623,-73.61447504073118
894,night,4,45.626841698736236,-73.91447504073112
895,evening,4,45.52684169873622,-73.57447504073119
896,evening,12,45.66684169873624,-73.4944750407312
897,night,6,45.66684169873624,-73.71447504073116
898,night,12,45.686841698736245,-73.83447504073114
899,day,8,45.58684169873623,-73.5144750407312
900,day,10,45.626841698736236,-73.5344750407312
901,day,12,45.626841698736236,-73.89447504073112
902,evening,6,45.486841698736214,-73.87447504073113
903,night,5,45.44684169873621,-73.5144750407312
904,evening,9,45.426841698736204,-73.87447504073113
905,night,9,45.46684169873621,-73.89447504073112
906,night,1,45.44684169873621,-73.69447504073116
907,evening,12,45.50684169873622,-73.5144750407312
908,night,7,45.44684169873621,-73.65447504073117
909,night,11,45.66684169873624,-73.67447504073117
910,evening,9,45.626841698736236,-73.65447504073117
911,day,8,45.58684169873623,-73.83447504073114
912,day,11,45.54684169873622,-73.77447504073115
913,evening,1,45.44684169873621,-73.81447504073114
914,evening,6,45.50684169873622,-73.89447504073112
915,day,5,45.686841698736245,-73.63447504073117
916,day,1,45.52684169873622,-73.83447504073114
917,evening,6,45.58684169873623,-73.61447504073118
918,evening,10,45.58684169873623,-73.89447504073112
919,day,9,45.52684169873622,-73.55447504073119
920,night,5,45.50684169873622,-73.69447504073116
921,night,12,45.566841698736226,-73.65447504073117
922,night,12,45.686841698736245,-73.55447504073119
923,day,4,45.486841698736214,-73.61447504073118
924,night,5,45.50684169873622,-73.85447504073113
925,day,1,45.46684169873621,-73.57447504073119
926,night,8,45.54684169873622,-73.89447504073112
927,night,2,45.54684169873622,-73.5344750407312
928,evening,1,45.54684169873622,-73.89447504073112
929,day,10,45.626841698736236,-73.69447504073116
930,evening,1,45.44684169873621,-73.91447504073112
931,evening,9,45.486841698736214,-73.55447504073119
932,day,7,45.50684169873622,-73.85447504073113
933,day,12,45.426841698736204,-73.79447504073114
934,night,11,45.58684169873623,-73.73447504073116
935,day,4,45.66684169873624,-73.4944750407312
936,day,11,45.486841698736214,-73.5144750407312
937,day,10,45.52684169873622,-73.5344750407312
938,evening,3,45.64684169873624,-73.67447504073117
939,night,8,45.426841698736204,-73.75447504073115
940,evening,3,45.50684169873622,-73.69447504073116
941,evening,3,45.64684169873624,-73.61447504073118
942,evening,6,45.566841698736226,-73.69447504073116
943,night,10,45.46684169873621,-73.4944750407312
944,day,4,45.54684169873622,-73.55447504073119
945,night,5,45.626841698736236,-73.87447504073113
946,evening,4,45.58684169873623,-73.5344750407312
947,evening,3,45.58684169873623,-73.5144750407312
948,night,11,45.626841698736236,-73.75447504073115
949,day,12,45.426841698736204,-73.67447504073117
950,evening,6,45.626841698736236,-73.55447504073119
951,evening,8,45.54684169873622,-73.87447504073113
952,day,12,45.46684169873621,-73.91447504073112
953,evening,7,45.426841698736204,-73.79447504073114
954,evening,9,45.58684169873623,-73.5344750407312
955,evening,5,45.686841698736245,-73.89447504073112
956,day,9,45.626841698736236,-73.65447504073117
957,evening,2,45.426841698736204,-73.67447504073117
958,evening,2,45.58684169873623,-73.77447504073115
959,day,6,45.52684169873622,-73.5344750407312
960,evening,4,45.44684169873621,-73.59447504073118
961,night,8,45.52684169873622,-73.57447504073119
962,night,1,45.60684169873623,-73.5344750407312
963,evening,12,45.426841698736204,-73.81447504073114
964,night,3,45.50684169873622,-73.57447504073119
965,evening,6,45.44684169873621,-73.79447504073114
966,evening,8,45.60684169873623,-73.91447504073112
967,evening,7,45.52684169873622,-73.63447504073117
968,evening,2,45.626841698736236,-73.91447504073112
969,day,9,45.58684169873623,-73.55447504073119
970,night,10,45.566841698736226,-73.61447504073118
971,day,8,45.686841698736245,-73.83447504073114
972,night,10,45.426841698736204,-73.4944750407312
973,day,7,45.626841698736236,-73.4944750407312
974,night,7,45.58684169873623,-73.85447504073113
975,evening,10,45.486841698736214,-73.5344750407312
976,day,5,45.486841698736214,-73.87447504073113
977,day,3,45.46684169873621,-73.57447504073119
978,day,5,45.50684169873622,-73.5144750407312
979,night,8,45.486841698736214,-73.85447504073113
980,night,9,45.46684169873621,-73.87447504073113
981,evening,4,45.486841698736214,-73.67447504073117
982,evening,5,45.66684169873624,-73.87447504073113
983,day,9,45.686841698736245,-73.5344750407312
984,evening,6,45.52684169873622,-73.65447504073117
985,night,7,45.486841698736214,-73.75447504073115
986,day,4,45.44684169873621,-73.83447504073114
987,night,8,45.60684169873623,-73.71447504073116
988,night,6,45.486841698736214,-73.83447504073114
989,night,11,45.566841698736226,-73.61447504073118
990,night,1,45.426841698736204,-73.69447504073116
991,day,3,45.426841698736204,-73.79447504073114
992,night,5,45.426841698736204,-73.5144750407312
993,day,10,45.486841698736214,-73.63447504073117
994,day,11,45.486841698736214,-73.65447504073117
995,night,8,45.46684169873621,-73.65447504073117
996,evening,6,45.60684169873623,-73.71447504073116
997,day,1,45.44684169873621,-73.89447504073112
998,evening,11,45.44684169873621,-73.67447504073117
999,night,10,45.566841698736226,-73.77447504073115
